StudentID,StudentName
Std_ID_001,Student 001
Std_ID_002,Student 002
Std_ID_003,Student 003
Std_ID_004,Student 004
Std_ID_005,Student 005
Std_ID_006,Student 006
Std_ID_007,Student 007
Std_ID_008,Student 008
Std_ID_009,Student 009
Std_ID_010,Student 010
Std_ID_011,Student 011
Std_ID_012,Student 012
Std_ID_013,Student 013
Std_ID_014,Student 014
Std_ID_015,Student 015
Std_ID_016,Student 016
Std_ID_017,Student 017
Std_ID_018,Student 018
Std_ID_019,Student 019
Std_ID_020,Student 020
Std_ID_021,Student 021
Std_ID_022,Student 022
Std_ID_023,Student 023
Std_ID_024,Student 024
Std_ID_025,Student 025
Std_ID_026,Student 026
Std_ID_027,Student 027
Std_ID_028,Student 028
Std_ID_029,Student 029
Std_ID_030,Student 030
Std_ID_031,Student 031
Std_ID_032,Student 032
Std_ID_033,Student 033
Std_ID_034,Student 034
Std_ID_035,Student 035
Std_ID_036,Student 036
Std_ID_037,Student 037
Std_ID_038,Student 038
Std_ID_039,Student 039
Std_ID_040,Student 040
Std_ID_041,Student 041
Std_ID_042,Student 042
Std_ID_043,Student 043
Std_ID_044,Student 044
Std_ID_045,Student 045
Std_ID_046,Student 046
Std_ID_047,Student 047
Std_ID_048,Student 048
Std_ID_049,Student 049
Std_ID_050,Student 050
Std_ID_051,Student 051
Std_ID_052,Student 052
Std_ID_053,Student 053
Std_ID_054,Student 054
Std_ID_055,Student 055
Std_ID_056,Student 056
Std_ID_057,Student 057
Std_ID_058,Student 058
Std_ID_059,Student 059
Std_ID_060,Student 060
Std_ID_061,Student 061
Std_ID_062,Student 062
Std_ID_063,Student 063
Std_ID_064,Student 064
Std_ID_065,Student 065
Std_ID_066,Student 066
Std_ID_067,Student 067
Std_ID_068,Student 068
Std_ID_069,Student 069
Std_ID_070,Student 070
Std_ID_071,Student 071
Std_ID_072,Student 072
Std_ID_073,Student 073
Std_ID_074,Student 074
Std_ID_075,Student 075
Std_ID_076,Student 076
Std_ID_077,Student 077
Std_ID_078,Student 078
Std_ID_079,Student 079
Std_ID_080,Student 080
Std_ID_081,Student 081
Std_ID_082,Student 082
Std_ID_083,Student 083
Std_ID_084,Student 084
Std_ID_085,Student 085
Std_ID_086,Student 086
Std_ID_087,Student 087
Std_ID_088,Student 088
Std_ID_089,Student 089
Std_ID_090,Student 090
Std_ID_091,Student 091
Std_ID_092,Student 092
Std_ID_093,Student 093
Std_ID_094,Student 094
Std_ID_095,Student 095
Std_ID_096,Student 096
Std_ID_097,Student 097
Std_ID_098,Student 098
Std_ID_099,Student 099
Std_ID_100,Student 100
Std_ID_101,Student 101
Std_ID_102,Student 102
Std_ID_103,Student 103
Std_ID_104,Student 104
Std_ID_105,Student 105
Std_ID_106,Student 106
Std_ID_107,Student 107
Std_ID_108,Student 108
Std_ID_109,Student 109
Std_ID_110,Student 110
Std_ID_111,Student 111
Std_ID_112,Student 112
Std_ID_113,Student 113
Std_ID_114,Student 114
Std_ID_115,Student 115
Std_ID_116,Student 116
Std_ID_117,Student 117
Std_ID_118,Student 118
Std_ID_119,Student 119
Std_ID_120,Student 120
Std_ID_121,Student 121
Std_ID_122,Student 122
Std_ID_123,Student 123
Std_ID_124,Student 124
Std_ID_125,Student 125
Std_ID_126,Student 126
Std_ID_127,Student 127
Std_ID_128,Student 128
Std_ID_129,Student 129
Std_ID_130,Student 130
Std_ID_131,Student 131
Std_ID_132,Student 132
Std_ID_133,Student 133
Std_ID_134,Student 134
Std_ID_135,Student 135
Std_ID_136,Student 136
Std_ID_137,Student 137
Std_ID_138,Student 138
Std_ID_139,Student 139
Std_ID_140,Student 140
Std_ID_141,Student 141
Std_ID_142,Student 142
Std_ID_143,Student 143
Std_ID_144,Student 144
Std_ID_145,Student 145
Std_ID_146,Student 146
Std_ID_147,Student 147
Std_ID_148,Student 148
Std_ID_149,Student 149
Std_ID_150,Student 150
Std_ID_151,Student 151
Std_ID_152,Student 152
Std_ID_153,Student 153
Std_ID_154,Student 154
Std_ID_155,Student 155
Std_ID_156,Student 156
Std_ID_157,Student 157
Std_ID_158,Student 158
Std_ID_159,Student 159
Std_ID_160,Student 160
Std_ID_161,Student 161
Std_ID_162,Student 162
Std_ID_163,Student 163
Std_ID_164,Student 164
Std_ID_165,Student 165
Std_ID_166,Student 166
Std_ID_167,Student 167
Std_ID_168,Student 168
Std_ID_169,Student 169
Std_ID_170,Student 170
Std_ID_171,Student 171
Std_ID_172,Student 172
Std_ID_173,Student 173
Std_ID_174,Student 174
Std_ID_175,Student 175
Std_ID_176,Student 176
Std_ID_177,Student 177
Std_ID_178,Student 178
Std_ID_179,Student 179
Std_ID_180,Student 180
Std_ID_181,Student 181
Std_ID_182,Student 182
Std_ID_183,Student 183
Std_ID_184,Student 184
Std_ID_185,Student 185
Std_ID_186,Student 186
Std_ID_187,Student 187
Std_ID_188,Student 188
Std_ID_189,Student 189
Std_ID_190,Student 190
Std_ID_191,Student 191
Std_ID_192,Student 192
Std_ID_193,Student 193
Std_ID_194,Student 194
Std_ID_195,Student 195
Std_ID_196,Student 196
Std_ID_197,Student 197
Std_ID_198,Student 198
Std_ID_199,Student 199
Std_ID_200,Student 200
Std_ID_201,Student 201
Std_ID_202,Student 202
Std_ID_203,Student 203
Std_ID_204,Student 204
Std_ID_205,Student 205
Std_ID_206,Student 206
Std_ID_207,Student 207
Std_ID_208,Student 208
Std_ID_209,Student 209
Std_ID_210,Student 210
Std_ID_211,Student 211
Std_ID_212,Student 212
Std_ID_213,Student 213
Std_ID_214,Student 214
Std_ID_215,Student 215
Std_ID_216,Student 216
Std_ID_217,Student 217
Std_ID_218,Student 218
Std_ID_219,Student 219
Std_ID_220,Student 220
Std_ID_221,Student 221
Std_ID_222,Student 222
Std_ID_223,Student 223
Std_ID_224,Student 224
Std_ID_225,Student 225
Std_ID_226,Student 226
Std_ID_227,Student 227
Std_ID_228,Student 228
Std_ID_229,Student 229
Std_ID_230,Student 230
Std_ID_231,Student 231
Std_ID_232,Student 232
Std_ID_233,Student 233
Std_ID_234,Student 234
Std_ID_235,Student 235
Std_ID_236,Student 236
Std_ID_237,Student 237
Std_ID_238,Student 238
Std_ID_239,Student 239
Std_ID_240,Student 240
Std_ID_241,Student 241
Std_ID_242,Student 242
Std_ID_243,Student 243
Std_ID_244,Student 244
Std_ID_245,Student 245
Std_ID_246,Student 246
Std_ID_247,Student 247
Std_ID_248,Student 248
Std_ID_249,Student 249
Std_ID_250,Student 250
